Ref	Site	Alt	Mutation	Target Site	Affected Antibody	Subtype	Effect	Notes	
I	64	M	I64M	Site Ø	Nirsevimab	RSV-B	Escape		Fourati 2025, Lancet ID https://doi.org/10.1016/S1473-3099(24)00570-X
K	65	E	K65E	Site Ø	Nirsevimab	RSV-B	Escape		Fourati 2025, Lancet ID https://doi.org/10.1016/S1473-3099(24)00570-X
N	67	I	N67I	Site Ø	Nirsevimab	RSV-A/B	Escape		Zhu et al., 2018, Journal of Infectious Diseases. https://doi.org/10.1093/infdis/jiy189
K	68	N	K68N	Site Ø	Nirsevimab	RSV-B	Partial escape (in vitro)		Zhu et al., 2018, Journal of Infectious Diseases. https://doi.org/10.1093/infdis/jiy189
L	172	Q	L172Q	Site V	Suptavumab	RSV-B	Escape		Lu et al., 2019, Scientific Reports. https://doi.org/10.1038/s41598-019-40387-y
S	173	L	S173L	Site V	Suptavumab	RSV-B	Escape		Lu et al., 2019, Scientific Reports. https://doi.org/10.1038/s41598-019-40387-y
N	201	S	N201S	Site Ø	Nirsevimab	RSV-A/B	Escape		Zhu et al., 2018, Journal of Infectious Diseases. https://doi.org/10.1093/infdis/jiy189
I	206	M	I206M:Q209R	Site Ø	Nirsevimab	RSV-B	Increased susceptibility		
N	208	S	N208D/S/Y	Site Ø	Nirsevimab	RSV-A/B	Escape		Zhu et al., 2018, Journal of Infectious Diseases. https://doi.org/10.1093/infdis/jiy189 / Fourati 2025, Lancet ID https://doi.org/10.1016/S1473-3099(24)00570-X
Q	209	R	I206M:Q209R	Site Ø	Nirsevimab	RSV-B	Increased susceptibility		
L	305	I	L305I	Distal epitope sites	Multiple mAbs	RSV-A	Broad resistance	fixed I, RSVB	