strain	date	agecat	country	region	accession
hRSV/A/Germany/BE-00-02321/2000	2000-02-23	Infants	Germany	Berlin	
hRSV/A/Netherlands/02-017863/2002	2002-06-29		Netherlands		
hRSV/A/Germany/RP-08-02984/2008	2008-04-02	Infants	Germany	Rhineland Palatinate	
hRSV/A/Germany/BB-01-01609/2001	2001-02-05	Preschool	Germany	Brandenburg	
hRSV/A/Germany/BE-02-00980/2002	2002-01-29	Newborns	Germany	Berlin	
hRSV/A/Germany/BE-03-01038/2003	2003-02-04	Newborns	Germany	Berlin	
hRSV/A/Germany/RP-06-01417/2006	2006-02-10	Infants	Germany	Rhineland Palatinate	
hRSV/A/Germany/RP-07-02759/2007	2007-03-05	Infants	Germany	Rhineland Palatinate	
hRSV/A/Italy/ITA-119/2009	2009-02-26	Children	Italy	Pavia	
hRSV/A/Argentina/170/2005	2005-06-21		Argentina		
hRSV/A/Germany/BY-05-01521/2005	2005-02-03	Preschool	Germany	Bavaria	
hRSV/A/Germany/BE-04-01144/2004	2004-01-21	Infants	Germany	Berlin	
hRSV/A/Germany/SH-05-02141/2005	2005-02-14	Preschool	Germany	Schleswig Holstein	
hRSV/A/Germany/RP-02-01284/2002	2002-02-16	Infants	Germany	Rhineland Palatinate	
hRSV/A/Germany/RP-04-01889/2004	2004-02-15	Infants	Germany	Rhineland Palatinate	
hRSV/A/Germany/BW-06-02671/2006	2006-03-29	Preschool	Germany	Baden-Wurttemberg	
hRSV/A/Germany/RP-07-01529/2007	2007-02-12	Preschool	Germany	Rhineland Palatinate	
hRSV/A/England/094780280/2009	2009-11-18	Preschool	United Kingdom	England	
hRSV/A/Germany/RP-08-02097/2008	2008-02-25	Infants	Germany	Rhineland Palatinate	
hRSV/A/Germany/RP-04-01612/2004	2004-02-07	Infants	Germany	Rhineland Palatinate	
hRSV/A/Mexico/MEX-23/2004	2004-12-24	Preschool	Mexico		
hRSV/A/Germany/BY-00-02433/2000	2000-03-07	Preschool	Germany	Bavaria	
hRSV/A/Germany/NI-01-02679/2001	2001-03-29	Infants	Germany	Lower Saxony	
hRSV/A/Germany/NI-03-00557/2002	2002-12-12	Newborns	Germany	Lower Saxony	
hRSV/A/Germany/RP-05-00643/2004	2004-12-17	Preschool	Germany	Rhineland Palatinate	
hRSV/A/Argentina/159/2004	2004-05-26		Argentina		
hRSV/A/Italy/ITA-120/2009	2009-03-19	Infants	Italy	Pavia	
hRSV/A/England/094820034/2009	2009-11-23	Preschool	United Kingdom	England	
hRSV/A/England/104800018/2010	2010-11-25	Geriatrics	United Kingdom	England	
hRSV/A/Germany/BY-00-02504/2000	2000-03-20	Preschool	Germany	Bavaria	
hRSV/A/Germany/NI-03-00082/2002	2002-10-25	Infants	Germany	Lower Saxony	
hRSV/A/USA/02-20-2001-GA2/2001	2001-02-20		USA	Tennessee	
hRSV/A/Germany/BB-00-02234/2000	2000-02-17	Preschool	Germany	Brandenburg	
hRSV/A/Germany/BE-01-01600/2001	2001-02-05	Newborns	Germany	Berlin	
hRSV/A/Germany/RP-06-03114/2006	2006-04-11	Infants	Germany	Rhineland Palatinate	
hRSV/A/Peru/PER-FLU5848/2007	2007-03-17	Preschool	Peru	Piura	
hRSV/A/Netherlands/01-031282/2001	2001-12-22		Netherlands		
hRSV/A/Germany/NI-02-02431/2002	2002-03-26	Infants	Germany	Lower Saxony	
hRSV/A/Germany/BE-05-00877/2005	2005-01-06	Preschool	Germany	Berlin	
hRSV/A/Netherlands/07-040054/2007	2007-12-10		Netherlands		
hRSV/A/Germany/NI-01-02630/2001	2001-03-27	Infants	Germany	Lower Saxony	
hRSV/A/Germany/RP-04-01960/2004	2004-02-17	Infants	Germany	Rhineland Palatinate	
hRSV/A/Peru/PER-FLA7779/2009	2009-05-29	Preschool	Peru	Piura	
hRSV/A/Peru/PER-FLA0535/2008	2008-02-29	Infants	Peru	Piura	
hRSV/A/Germany/RP-07-01176/2007	2007-02-05	Preschool	Germany	Rhineland Palatinate	
hRSV/A/Netherlands/05-000417/2005	2005-01-05		Netherlands		
hRSV/A/Germany/BW-11-00752/2010	2010-12-27	Infants	Germany	Baden-Wurttemberg	
hRSV/A/Germany/RP-02-02688/2002	2002-04-25	Newborns	Germany	Rhineland Palatinate	
hRSV/A/Germany/BE-00-02128/2000	2000-02-11	Preschool	Germany	Berlin	
hRSV/A/Germany/BE-05-00962/2005	2005-01-11	Preschool	Germany	Berlin	
hRSV/A/Germany/BY-03-00597/2002	2002-12-16	Preschool	Germany	Bavaria	
hRSV/A/Netherlands/08-044640/2008	2008-12-06		Netherlands		
hRSV/A/Germany/RP-10-03936/2010	2010-03-29	Preschool	Germany	Rhineland Palatinate	
hRSV/A/Argentina/177/2006	2006-06-06		Argentina		
hRSV/A/Germany/RP-06-01244/2006	2006-01-27	Preschool	Germany	Rhineland Palatinate	
hRSV/A/Peru/PER-FLA7776/2009	2009-05-27	Preschool	Peru	Piura	
hRSV/A/USA/A-WI-629-21-07/2007	2007-12-22		USA	Wisconsin	
hRSV/A/Mexico/MEX-29/2007	2007-02-16	Infants	Mexico		
hRSV/A/USA/A-WI-629-22-07/2007	2007-12-28		USA	Wisconsin	
hRSV/A/Germany/SN-11-00953/2011	2011-01-10	Infants	Germany	Saxony	
hRSV/A/USA/A-WI-629-23-08/2008	2008-01-17		USA	Wisconsin	
hRSV/A/Peru/PER-FLA7437/2009	2009-05-08	Infants	Peru	Piura	
hRSV/A/Belgium/BE06-6650/2006	2006-11-22		Belgium		
hRSV/A/Netherlands/RSV607/2007	2007-11-23		Netherlands		
hRSV/A/Germany/RP-08-03173/2008	2008-04-22	Preschool	Germany	Rhineland Palatinate	
hRSV/A/China/LZ01-09/2009	2009-09-01		China		
hRSV/A/Jordan/B1318/2011	2011-09-14	Infants	Jordan		
hRSV/A/Jordan/JOR-D3317/2011	2011-12-19		Jordan	Amman	
hRSV/A/Philippines/TBp-13-167/2013	2013-04-08		Philippines		
hRSV/A/England/131500026/2013	2013-04-08	Adults	United Kingdom	England	
hRSV/A/Kenya/KILIFI-WGS-1022-28-12/2011	2011-12-28		Kenya		
hRSV/A/Kenya/KILIFI-WGS-1159-24-05/2013	2013-05-24		Kenya		
hRSV/A/Kenya/KILIFI-WGS-1215-15-04/2014	2014-04-15		Kenya		
hRSV/A/Jordan/A0101/2011	2011-01-27	Newborns	Jordan		
hRSV/A/Jordan/D3120/2011	2011-02-10	Infants	Jordan		
hRSV/A/Jordan/B1199/2011	2011-03-02	Infants	Jordan		
hRSV/A/Peru/PER-FLE4190/2009	2009-09-17	Newborns	Peru	Lima	
hRSV/A/China/A-GZ-12-110/2012	2012-01-10		China	Guangdong	
hRSV/A/USA/A-WI-629-Q0282-10/2010	2010-02-16		USA	Wisconsin	
hRSV/A/Vietnam/VN-733-10-09/2009	2009-10-28		Vietnam		
hRSV/A/Peru/PER-FLE9761/2010	2010-05-20	Adults	Peru	Lima	
hRSV/A/Peru/PER-FLE2322/2009	2009-08-16	Infants	Peru	Lima	
hRSV/A/Peru/PER-FLE9490/2010	2010-04-24	Preschool	Peru	Piura	
hRSV/A/Peru/PER-FPP00538/2011	2011-05-16	Preschool	Peru	Piura	
hRSV/A/China/A-GZ-11-224/2011	2011-02-24		China	Guangdong	
hRSV/A/USA/A-WI-629-Q0198-10/2010	2010-01-25		USA	Wisconsin	
hRSV/A/Jordan/JOR-C2356/2012	2012-01-26		Jordan	Amman	
hRSV/A/Jordan/D3140/2011	2011-02-28	Newborns	Jordan		
hRSV/A/Italy/ITA-123/2009	2009-03-26	Newborns	Italy	Pavia	
hRSV/A/Germany/RP-11-01819/2011	2011-01-26	Preschool	Germany	Rhineland Palatinate	
hRSV/A/Germany/RP-09-03766/2009	2009-02-18	Infants	Germany	Rhineland Palatinate	
hRSV/A/Jordan/C2152/2011	2011-02-10	Preschool	Jordan		
hRSV/A/Jordan/D3159/2011	2011-03-16	Infants	Jordan		
hRSV/A/Jordan/JOR-A0215/2011	2011-02-24		Jordan	Amman	
hRSV/A/Jordan/D3055/2010	2010-09-19	Infants	Jordan		
hRSV/A/Jordan/C2101/2011	2011-01-13	Infants	Jordan		
hRSV/A/China/A-Chongqing-13-73-11/2011	2011-12-11		China	Chongqing	
hRSV/A/USA/UAMS-DID-023/2016	2016-01-21		USA	Arkansas	
hRSV/A/Germany/RP-10-04112/2010	2010-04-24	Infants	Germany	Rhineland Palatinate	
hRSV/A/Taiwan/TW-00026/2010	2010-10-01		Taiwan		
hRSV/A/USA/un-BCM-121310702A/2012	2012-01-09		USA		
hRSV/A/USA/un-BCM-121310701A/2012	2012-01-05		USA		
hRSV/A/Philippines/TTa-12-054/2012	2012-02-08		Philippines		
hRSV/A/Philippines/TOp-12-061/2012	2012-09-22		Philippines		
hRSV/A/Philippines/TEv-12-125/2012	2012-12-12		Philippines		
hRSV/A/Argentina/BA-HNRG-142/2015	2015-06-11	Infants	Argentina	Buenos Aires	
hRSV/A/Germany/NI-11-01119/2011	2011-01-10	Preschool	Germany	Lower Saxony	
hRSV/A/Kenya/KILIFI-WGS-1148-07-02/2013	2013-02-07		Kenya		
hRSV/A/Kenya/KILIFI-WGS-1314-31-03/2015	2015-03-31		Kenya		
hRSV/A/England/125040466/2012	2012-12-10	Geriatrics	United Kingdom	England	
hRSV/A/Mozambique/MAP-IR0296/2016	2016-04-18	Infants	Mozambique	Maputo	
hRSV/A/Mozambique/MAP-IR0298/2016	2016-04-18	Infants	Mozambique	Maputo	
hRSV/A/Mozambique/MAP-IR0220/2016	2016-04-04	Newborns	Mozambique	Maputo	
hRSV/A/Mozambique/MAP-IR0327/2016	2016-04-25	Preschool	Mozambique	Maputo	
hRSV/A/Mozambique/MAP-IR0314/2016	2016-04-20	Newborns	Mozambique	Maputo	
hRSV/A/Mozambique/MAP-IR0368/2016	2016-05-10	Infants	Mozambique	Maputo	
hRSV/A/USA/A-WI-629-Q0154-10/2010	2010-01-13		USA	Wisconsin	
hRSV/A/USA/A-WI-629-Q0284-10/2010	2010-02-16		USA	Wisconsin	
hRSV/A/USA/un-BCM-121310735A/2013	2013-12-04		USA		
hRSV/A/Italy/SIC-29_07/2019	2019-02-12		Italy	Sicily	
hRSV/A/Australia/A-NSW-WM3453A-13/2013	2013-07-08		Australia		
hRSV/A/Zambia/Lusaka-1210/2019	2019-03-15		Zambia		
hRSV/A/Zambia/Lusaka-1197/2019	2019-02-18		Zambia		
hRSV/A/Zambia/Lusaka-3204/2019	2019-02-14		Zambia		
hRSV/A/Zambia/Lusaka-1925/2018	2018-04-07		Zambia		
hRSV/A/Zambia/Lusaka-3102/2018	2018-04-18		Zambia		
hRSV/A/Zambia/Lusaka-3938/2018	2018-07-18		Zambia		
hRSV/A/Thailand/TH-B10806/2014	2014-08-27		Thailand		
hRSV/A/Argentina/BA-HNRG-185/2015	2015-07-17	Newborns	Argentina	Ciudad Autonoma de Buenos Aires	
hRSV/A/Morocco/29H-14/2014	2014-02-14	Infants	Morocco	Rabat	
hRSV/A/Argentina/BA-HNRG-044/2014	2014-06-13	Children	Argentina	Ciudad Autonoma de Buenos Aires	
hRSV/A/Argentina/BA-HNRG-097/2014	2014-08-27	Infants	Argentina		
hRSV/A/Argentina/BA-HNRG-105/2015	2015-04-27	Infants	Argentina	Ciudad Autonoma de Buenos Aires	
hRSV/A/Argentina/BA-HNRG-151/2015	2015-06-19	Newborns	Argentina	Buenos Aires	
hRSV/A/USA/un-BCM-121310703A/2012	2012-02-13		USA		
hRSV/A/USA/un-BCM-121310704A/2012	2012-02-21		USA		
hRSV/A/USA/A-TX-009a-WGS/2012	2012-02-13		USA		
hRSV/A/USA/A-TX-009b-WGS/2012	2012-02-13		USA		
hRSV/A/England/164320005/2016	2016-10-20	Preschool	United Kingdom	England	
hRSV/A/Japan/UMC-810102061/2018	2018-10-01		Japan		
hRSV/A/Australia/A-NSW-WM3992A-16/2016	2016-09-20		Australia		
hRSV/A/Spain/CT-HUVH-319754/2015	2015-11-29	Newborns	Spain	Catalunya	
hRSV/A/England/174400229/2017	2017-10-26	Infants	United Kingdom	England	
hRSV/A/Brazil/RS-FIOCRUZ-68533/2021	2021-06-05	Newborns	Brazil	Rio Grande do Sul	
hRSV/A/Argentina/BA-HNRG-180/2015	2015-07-10	Preschool	Argentina	Buenos Aires	
hRSV/A/Argentina/ARG-012/2015	2015-06-10		Argentina		
hRSV/A/Australia/un-UMC-610102034/2019	2019-06-28		Australia		
hRSV/A/Germany/RP-20-03551/2020	2020-03-16	Infants	Germany	Rhineland Palatinate	
hRSV/A/Italy/LOM-46/2022	2022-01-11	Newborns	Italy	Lombardy	
hRSV/A/Argentina/BA-HNRG-307/2017	2017-05-02	Infants	Argentina	Buenos Aires	
hRSV/A/Italy/SIC-30_06/2019	2019-02-04		Italy	Sicily	
hRSV/A/Australia/VIC-RCH095/2018	2018-06-17	Preschool	Australia	Victoria	
hRSV/A/Australia/VIC-RCH027/2018	2018-03-07	Preschool	Australia	Victoria	
hRSV/A/Vietnam/SARI18NH17018/2017	2017-05-19	Preschool	Vietnam	Quang Ninh	
hRSV/A/Australia/VIC-RCH132/2017	2017-09-08	Infants	Australia	Victoria	
hRSV/A/Australia/un-UMC-610101032/2018	2018-08-30		Australia		
hRSV/A/Canada/un-UMC-010203022/2020	2020-01-02		Canada		
hRSV/A/Argentina/BA-HNRG-439/2019	2019-07-25	Newborns	Argentina	Buenos Aires	
hRSV/A/USA/un-BCM-121310708A/2012	2012-10-26		USA		
hRSV/A/USA/A-TX-029a-WGS/2012	2012-10-26		USA		
hRSV/A/USA/A-TX-010a-2014-WGS/2014	2014-11-24		USA		
hRSV/A/USA/A-TX-010b-2014-WGS/2014	2014-11-24		USA		
hRSV/A/Morocco/1256-17/2017	2017-03-06	Infants	Morocco	Agadir	
hRSV/A/Argentina/BA-HNRG-120/2015	2015-05-26	Preschool	Argentina	Buenos Aires	
hRSV/A/USA/UAMS-DID-007/2016	2016-01-20		USA	Arkansas	
hRSV/A/USA/UAMS-DID-028/2016	2016-01-19		USA	Arkansas	
hRSV/A/Australia/un-UMC-610101036/2018	2018-09-17		Australia		
hRSV/A/Australia/A-NSW-WM4241A-16/2016	2016-09-21		Australia		
hRSV/A/Australia/un-VIDRL-051/2015	2015-05-13		Australia		
hRSV/A/Japan/UMC-810101004/2017	2017-12-15		Japan		
hRSV/A/Germany/BE-18-02178/2018	2018-01-22	Preschool	Germany	Berlin	
hRSV/A/Japan/UMC-810101013/2018	2018-02-02		Japan		
hRSV/A/Mongolia/NCCD039/2018	2018-03-07	Infants	Mongolia	Ulaanbaatar	
hRSV/A/Netherlands/un-UMC-310101067/2018	2018-01-26		Netherlands		
hRSV/A/Germany/un-UMC-490103012/2020	2020-02-14		Germany		
hRSV/A/Japan/UMC-810102059/2018	2018-09-14		Japan		
hRSV/A/Japan/UMC-810102042/2018	2018-08-17		Japan		
hRSV/A/Spain/CT-HUVH-531106/2016	2016-12-10	Infants	Spain	Catalunya	
hRSV/A/Japan/UMC-810103039/2019	2019-11-18		Japan		
hRSV/A/Australia/A-NSW-WM2111B-14/2014	2014-08-06		Australia		
hRSV/A/Australia/A-NSW-WM0166A-16/2016	2016-11-10		Australia		
hRSV/A/England/145240248/2014	2014-12-24	Preschool	United Kingdom	England	
hRSV/A/Germany/NI-15-01870/2015	2015-01-20	Preschool	Germany	Lower Saxony	
hRSV/A/Argentina/BA-HNRG-236/2016	2016-05-31	Infants	Argentina	Buenos Aires	
hRSV/A/Argentina/BA-HNRG-112/2015	2015-05-11	Infants	Argentina	Buenos Aires	
hRSV/A/Spain/CT-HUVH-841007/2017	2017-10-11	Preschool	Spain	Catalunya	
hRSV/A/Spain/CT-HUVH-548065/2017	2017-10-23	Newborns	Spain	Catalunya	
hRSV/A/Australia/un-UMC-610102010/2019	2019-05-22		Australia		
hRSV/A/Finland/UMC-358101009/2017	2017-12-28		Finland		
hRSV/A/Canada/un-UMC-010202049/2019	2019-04-14		Canada		
hRSV/A/Philippines/CDC-99058/2019	2019-03-04		Philippines		
hRSV/A/Italy/SIC-13_07/2018	2018-02-16		Italy	Sicily	
hRSV/A/Italy/SIC-147_01/2018	2018-01-02		Italy	Sicily	
hRSV/A/Italy/SIC-14_05/2018	2018-02-01		Italy	Sicily	
hRSV/A/England/194400253/2019	2019-10-24	Preschool	United Kingdom	England	
hRSV/A/Canada/un-UMC-010202009/2018	2018-11-22		Canada		
hRSV/A/Canada/un-UMC-010102019/2018	2018-12-17		Canada		
hRSV/A/Canada/un-UMC-010102023/2018	2018-12-31		Canada		
hRSV/A/Australia/A-NSW-WM1236A-12/2012	2012-08-06		Australia		
hRSV/A/Jordan/JOR-D3721/2013	2013-02-11		Jordan	Amman	
hRSV/A/USA/un-BCM-121310728A/2013	2013-03-05		USA		
hRSV/A/USA/TH-10110/2012	2012-08-08		USA		
hRSV/A/Argentina/BA-HNRG-235/2016	2016-05-30	Preschool	Argentina	Buenos Aires	
hRSV/A/Argentina/BA-HNRG-275/2016	2016-06-29	Infants	Argentina	Buenos Aires	
hRSV/A/Argentina/BA-HNRG-011r/2016	2016-07-20	Newborns	Argentina	Buenos Aires	
hRSV/A/Argentina/ARG-011/2016	2016-07-20		Argentina		
hRSV/A/Argentina/BA-HNRG-215/2016	2016-05-11	Preschool	Argentina	Ciudad Autonoma de Buenos Aires	
hRSV/A/Argentina/BA-HNRG-264/2016	2016-06-21	Newborns	Argentina	Buenos Aires	
hRSV/A/Argentina/BA-HNRG-237/2016	2016-05-31	Infants	Argentina		
hRSV/A/Argentina/BA-HNRG-240/2016	2016-06-01	Infants	Argentina	Buenos Aires	
hRSV/A/Argentina/ARG-009/2016	2016-06-27		Argentina		
hRSV/A/Thailand/TH-CU91/2011	2011-08-22		Thailand		
hRSV/A/Thailand/TH-C3208/2012	2012-09-17		Thailand		
hRSV/A/Netherlands/un-DP-UU02-0055-D02/2018	2018-11-21	Infants	Netherlands		
hRSV/A/Netherlands/un-DP-UU02-0055-V01/2018	2018-11-20	Infants	Netherlands		
hRSV/A/Japan/UMC-810102016/2018	2018-07-20		Japan		
hRSV/A/Zambia/Lusaka-1129/2018	2018-05-29		Zambia		
hRSV/A/France/un-UMC-330102006/2018	2018-12-21		France		
hRSV/A/Australia/un-UMC-610101010/2018	2018-07-17		Australia		
hRSV/A/Australia/VIC-RCH053/2017	2017-07-07	Preschool	Australia	Victoria	
hRSV/A/Australia/VIC-RCH169/2018	2018-08-26	Infants	Australia	Victoria	
hRSV/A/Morocco/1068-17/2017	2017-02-21	Infants	Morocco	Meknes	
hRSV/A/Morocco/85-17/2016	2016-11-09	Preschool	Morocco	Meknes	
hRSV/A/Morocco/366-17/2016	2016-12-29	Preschool	Morocco	Meknes	
hRSV/A/Philippines/TOp-13-203/2013	2013-06-10		Philippines		
hRSV/A/Argentina/BA-HNRG-172/2015	2015-07-02	Infants	Argentina	Buenos Aires	
hRSV/A/Argentina/BA-HNRG-174/2015	2015-07-06	Infants	Argentina	Buenos Aires	
hRSV/A/USA/WA-BBI-S24924/2019	2019-12-14		USA	Washington	
hRSV/A/China/CCMU-17100/2017	2017-10-26		China		
hRSV/A/China/CCMU-0658/2019	2019-08-06		China		
hRSV/A/China/CCMU-WZ17019/2018	2018-01-04		China		
hRSV/A/Australia/VIC-RCH034/2019	2019-08-12	Newborns	Australia	Victoria	
hRSV/A/Russia/un-UMC-070103027/2020	2020-02-17		Russia		
hRSV/A/USA/MA-BIHM-13788/2022	2022-10-14		USA	Massachusetts	
hRSV/A/Ireland/NVRL-G22IRL60485/2022	2022-09-22		Ireland		
hRSV/A/Spain/GA-CHUAC-121/2024	2024-02-11	Geriatrics	Spain	Galicia	
hRSV/A/Spain/GA-SCQ_143617/2024	2024-03-06	Geriatrics	Spain	Galicia	
hRSV/A/Italy/SIC-107_48/2021	2021-11-29		Italy	Sicily	
hRSV/A/Australia/VIC-RCH107/2022	2022-07-09	Infants	Australia	Victoria	
hRSV/A/Australia/NT-RDH040/2022	2022-06-29	Infants	Australia	Northern Territory	
hRSV/A/Australia/VIC-RCH142/2022	2022-07-11	Infants	Australia	Victoria	
hRSV/A/Australia/QLD-RBWH311/2022	2022-06-27	Preschool	Australia	Queensland	
hRSV/A/Australia/VIC-RCH199/2022	2022-07-25	Infants	Australia	Victoria	
hRSV/A/Australia/VIC-RCH012/2022	2022-05-30	Newborns	Australia	Victoria	
hRSV/A/Australia/QLD-RBWH021/2022	2022-03-24	Infants	Australia	Queensland	
hRSV/A/Australia/QLD-RBWH149/2022	2022-05-16	Preschool	Australia	Queensland	
hRSV/A/Australia/QLD-RBWH290/2022	2022-08-05	Infants	Australia	Queensland	
hRSV/A/Australia/SA-PSA0017/2023	2023-08-31	Children	Australia	South Australia	
hRSV/A/Australia/QLD-PEH-KI0008/2022	2022-09-30	Adults	Australia	Queenland	
hRSV/A/Australia/VIC-RCH014/2022	2022-05-30	Newborns	Australia	Victoria	
hRSV/A/Australia/VIC-RCH287/2022	2022-08-27	Infants	Australia	Victoria	
hRSV/A/Australia/VIC-RCH0172/2023	2023-07-23	Infants	Australia	Victoria	
hRSV/A/Australia/VIC-RCH026/2022	2022-06-11	Infants	Australia	Victoria	
hRSV/A/Australia/NT-RDH0482/2022	2022-09-11	Infants	Australia	Northern Territory	
hRSV/A/Australia/NT-RDH0531/2022	2022-09-15	Preschool	Australia	Northern Territory	
hRSV/A/Australia/NT-RDH0151/2023	2023-09-12	Infants	Australia	Northern Territory	
hRSV/A/Australia/NT-RDH0219/2023	2023-10-12	Preschool	Australia	Northern Territory	
hRSV/A/Australia/NT-RDH0212/2023	2023-10-06	Geriatrics	Australia	Northern Territory	
hRSV/A/Australia/NT-RDH0176/2023	2023-09-22	Adults	Australia	Northern Territory	
hRSV/A/Australia/NT-RDH0089/2023	2023-07-29	Preschool	Australia	Northern Territory	
hRSV/A/Italy/SIC-145_06/2019	2019-02-07		Italy	Sicily	
hRSV/A/China/CCMU-0755/2019	2019-10-28		China		
hRSV/A/China/HB-40255/2020	2020-12-24	Infants	China	Hubei	
hRSV/A/Spain/un-UMC-340102010/2018	2018-12-27		Spain		
hRSV/A/Netherlands/un-DP-UU02-0058-V01/2018	2018-12-03	Infants	Netherlands		
Yale-RSV-0053	2023-10-22	Preschool	USA	Connecticut	
hRSV/A/Canada/un-UMC-010102015/2018	2018-12-16		Canada		
hRSV/A/Argentina/PAIS-HNRG-466/2022	2022-09-08	Infants	Argentina	Buenos Aires	
hRSV/A/Spain/CT-HUVH-743230/2022	2022-02-02	Infants	Spain	Catalunya	
Yale-RSV-0228	2024-01-27	Infants	USA	Connecticut	
hRSV/A/USA/WA-UW-35797/2024	2024-01-03		USA	Washington	
hRSV/A/Brazil/RJ-FIOCRUZ-8997/2023	2023-04-11		Brazil	Rio de Janeiro	
hRSV/A/Brazil/PB-IEC-038400/2023	2023-06-03	Newborns	Brazil	Paraiba	
hRSV/A/Brazil/DF-FIOCRUZ-4537/2023	2023-04-01	Infants	Brazil	Federal District	
hRSV/A/Brazil/DF-FIOCRUZ-4540/2023	2023-04-01	Infants	Brazil	Federal District	
hRSV/A/Brazil/DF-FIOCRUZ-4532/2023	2023-03-24	Newborns	Brazil	Federal District	
hRSV/A/Brazil/DF-FIOCRUZ-4541/2023	2023-04-02	Newborns	Brazil	Federal District	
hRSV/A/Brazil/RS-FIOCRUZ-68587/2021	2021-08-04	Geriatrics	Brazil	Rio Grande do Sul	
hRSV/A/Brazil/ES-FIOCRUZ-11410/2022	2022-04-21	Newborns	Brazil	Espirito Santo	
hRSV/A/Brazil/ES-FIOCRUZ-11412/2022	2022-04-21	Newborns	Brazil	Espirito Santo	
hRSV/A/Brazil/PR-FIOCRUZ-10761/2022	2022-04-26	Newborns	Brazil	Parana	
hRSV/A/Brazil/PR-FIOCRUZ-10771/2022	2022-04-29	Newborns	Brazil	Parana	
hRSV/A/Australia/un-UMC-610101041/2018	2018-09-19		Australia		
hRSV/A/Thailand/KCMH-PEH0769/2023	2023-07-13		Thailand		
hRSV/A/Thailand/KCMH-PEH0875/2023	2023-08-12		Thailand		
hRSV/A/USA/WA-BBI-S23803/2022	2022-12-04		USA	Washington	
hRSV/A/Australia/un-UMC-610102013/2019	2019-05-25		Australia		
hRSV/A/France/ARA-HCL021216350501/2021	2021-12-05	Geriatrics	France	Auvergne-Rhone-Alpes	
Yale-RSV-0142	2023-11-30	Preschool	USA	Connecticut	
hRSV/A/USA/AZ-ASU-101585/2022	2022-12-14		USA	Arizona	
Yale-RSV-0147	2023-12-02	Infants	USA	Connecticut	
Yale-RSV-0118	2023-11-22	Adults	USA	Connecticut	
Yale-RSV-0037	2023-10-22	Preschool	USA	Connecticut	
Yale-RSV-0140	2023-11-29	Infants	USA	Connecticut	
Yale-RSV-0187	2023-12-05	Newborns	USA	Connecticut	
Yale-RSV-0259	2024-02-04	Adults	USA	Connecticut	
hRSV/A/China/CCMU-0546/2019	2019-05-05		China		
Yale-RSV-0184	2023-12-11	Children	USA	Connecticut	
Yale-RSV-0061	2023-10-22	Preschool	USA	Connecticut	
Yale-RSV-0075	2023-10-13	Infants	USA	Connecticut	
Yale-RSV-0076	2023-10-19	Adults	USA	Connecticut	
hRSV/A/China/CCMU-0161/2019	2019-01-25		China		
hRSV/A/China/CCMU-0074/2019	2019-01-16		China		
hRSV/A/Australia/VIC-RCH0131/2023	2023-06-17	Newborns	Australia	Victoria	
hRSV/A/Australia/NT-RDH0083/2023	2023-06-29	Preschool	Australia	Northern Territory	
hRSV/A/Australia/NT-RDH0109_Iso/2023	2023-08-15	Preschool	Australia	Northern Territory	
hRSV/A/Thailand/Ayuttaya-TNIC015/2020	2020-11-10		Thailand	Ayuttaya	
hRSV/A/Thailand/CMI-1556/2020	2020-09-14		Thailand	Chiang Mai	
hRSV/A/Spain/GA-CHUAC-173/2024	2024-03-20	Adults	Spain	Galicia	
hRSV/A/Spain/GA-CHUAC-179/2024	2024-03-25	Adults	Spain	Galicia	
Yale-RSV-0251	2024-02-04	Children	USA	Connecticut	
hRSV/A/USA/WA-BBI-S23755/2022	2022-11-06		USA	Washington	
hRSV/A/France/GES-RELAB-IPP29704/2023	2023-11-24	Preschool	France	Grand Est	
hRSV/A/Ireland/NVRL-G22IRL37476/2022	2022-06-28		Ireland		
hRSV/A/Belgium/0000002/2022	2022-03-23	Geriatrics	Belgium	Brussels	
hRSV/A/Germany/BY-22-00774/2021	2021-10-22	Infants	Germany	Bavaria	
hRSV/A/Italy/LOM-28/2021	2021-12-17	Infants	Italy	Lombardy	
hRSV/A/Austria/MUW1446022/2021	2021-09-09	Preschool	Austria		
hRSV/A/Germany/NW-21-06819/2021	2021-09-09	Infants	Germany	North Rhine-Westphalia	
hRSV/A/USA/TH-10618/2013	2013-06-25		USA		
hRSV/A/USA/TH-10464/2013	2013-11-15		USA		
hRSV/A/USA/TH-10508/2013	2013-10-15		USA		
hRSV/A/Zambia/Lusaka-2074/2018	2018-06-15		Zambia		
hRSV/A/USA/TH-10533/2013	2013-10-10		USA		
hRSV/A/USA/TH-10387/2013	2013-07-09		USA		
hRSV/A/USA/TH-10473/2013	2013-08-12		USA		
hRSV/A/USA/TH-10477/2013	2013-12-05		USA		
hRSV/A/USA/TH-10546/2013	2013-11-21		USA		
hRSV/A/USA/TH-10433/2013	2013-07-30		USA		
hRSV/A/USA/TH-10552/2013	2013-06-19		USA		
hRSV/A/USA/TH-10398/2013	2013-07-30		USA		
hRSV/A/USA/TH-10367/2013	2013-09-23		USA		
hRSV/A/USA/TH-10518/2013	2013-08-23		USA		
hRSV/A/USA/un-BCM-121310720A/2013	2013-01-22		USA		
hRSV/A/Argentina/BA-HNRG-181/2015	2015-07-13	Infants	Argentina	Ciudad Autonoma de Buenos Aires	
hRSV/A/Australia/A-NSW-WM0672A-16/2016	2016-10-03		Australia		
hRSV/A/Germany/MV-17-02326/2017	2017-01-23	Preschool	Germany	Mecklenburg Western Pomerania	
hRSV/A/USA/TH-10523/2013	2013-08-19		USA		
hRSV/A/Spain/CT-HUVH-123418/2014	2014-11-30	Infants	Spain	Catalunya	
hRSV/A/USA/A-NIID-2367-14/2014	2014-04-07	Infants	USA		
hRSV/A/England/130140094/2012	2012-12-28	Adults	United Kingdom	England	
hRSV/A/England/174580361/2017	2017-11-09	Preschool	United Kingdom	England	
hRSV/A/Australia/A-NSW-WM0230A-16/2016	2016-09-18		Australia		
hRSV/A/Argentina/BA-HNRG-111/2015	2015-05-11	Infants	Argentina	Ciudad Autonoma de Buenos Aires	
hRSV/A/Argentina/BA-HNRG-121/2015	2015-05-26	Infants	Argentina	Buenos Aires	
hRSV/A/USA/LA2-56/2013	2013-02-22	Newborns	USA	Tennessee	
hRSV/A/USA/LA2-77/2013	2013-03-08	Newborns	USA	Tennessee	
hRSV/A/USA/TH-10305/2013	2013-03-07		USA		
hRSV/A/Kenya/KILIFI-WGS-1059-08-06/2012	2012-06-08		Kenya		
hRSV/A/Kenya/KILIFI-WGS-1068-10-07/2012	2012-07-10		Kenya		
hRSV/A/Kenya/KILIFI-WGS-1056-30-05/2012	2012-05-30		Kenya		
hRSV/A/Kenya/KILIFI-WGS-1070-23-07/2012	2012-07-23		Kenya		
hRSV/A/England/140220145/2014	2014-01-06	Preschool	United Kingdom	England	
hRSV/A/Australia/A-NSW-WM2906A-14/2014	2014-08-29		Australia		
hRSV/A/Australia/A-NSW-WM3837A-14/2014	2014-09-02		Australia		
hRSV/A/Argentina/BA-HNRG-092/2014	2014-08-22	Preschool	Argentina	Buenos Aires	
hRSV/A/Argentina/BA-HNRG-045/2014	2014-06-13	Infants	Argentina	Buenos Aires	
hRSV/A/Argentina/BA-HNRG-020/2014	2014-05-27	Preschool	Argentina	Buenos Aires	
hRSV/A/Mozambique/MAP-IR0548/2015	2015-03-03	Preschool	Mozambique	Maputo	
hRSV/A/Mozambique/MAP-IR0703/2015	2015-04-09	Preschool	Mozambique	Maputo	
hRSV/A/Mozambique/MAP-INS017/2018	2018-06-05	Preschool	Mozambique	Maputo City	
hRSV/A/Mozambique/MAP-INS018/2018	2018-07-10	Infants	Mozambique	Maputo City	
hRSV/A/Mozambique/MAP-INS014/2017	2017-02-14	Preschool	Mozambique	Maputo City	
hRSV/A/Mozambique/MAP-INS019/2017	2017-02-21	Preschool	Mozambique	Maputo City	
hRSV/A/Mozambique/MAP-INS011/2018	2018-05-10	Infants	Mozambique	Maputo City	
hRSV/A/Mozambique/MAP-IR1041/2020	2020-04-17	Preschool	Mozambique	Maputo	
hRSV/A/Mozambique/MAP-INS009/2018	2018-04-17	Preschool	Mozambique	Maputo City	
hRSV/A/Mozambique/MAP-INS012/2018	2018-05-11	Preschool	Mozambique	Maputo City	
hRSV/A/USA/ACRI-037/2016	2016-02-26		USA	Arkansas	
hRSV/A/USA/un-BCM-121310705A/2012	2012-03-07		USA		
hRSV/A/Spain/CT-HUVH-148010/2015	2015-01-13	Newborns	Spain	Catalunya	
hRSV/A/Argentina/BA-HNRG-006/2014	2014-05-12	Infants	Argentina	Buenos Aires	
hRSV/A/Argentina/BA-HNRG-169/2015	2015-06-30	Infants	Argentina	Buenos Aires	
hRSV/A/Argentina/BA-HNRG-058/2014	2014-06-23	Infants	Argentina	Ciudad Autonoma de Buenos Aires	
hRSV/A/Argentina/BA-HNRG-166/2015	2015-06-30	Infants	Argentina	Buenos Aires	
hRSV/A/Argentina/ARG-001sanger/2015	2015-04-30		Argentina		
hRSV/A/USA/TH-10613/2013	2013-10-23		USA		
hRSV/A/USA/TH-10470/2013	2013-06-19		USA		
hRSV/A/USA/TH-10506/2014	2014-01-08		USA		
hRSV/A/USA/un-BCM-121310721A/2013	2013-01-18		USA		
hRSV/A/Argentina/BA-HNRG-080/2014	2014-07-28	Preschool	Argentina	Buenos Aires	
hRSV/A/Argentina/BA-HNRG-079/2014	2014-07-23	Preschool	Argentina	Ciudad Autonoma de Buenos Aires	
hRSV/A/USA/A-NIID-2370-14/2014	2014-07-08	Infants	USA		
hRSV/A/USA/TH-10220/2012	2012-11-19		USA		
hRSV/A/USA/LA2-99/2013	2013-01-11	Infants	USA	Tennessee	
hRSV/A/Argentina/BA-HNRG-002/2014	2014-03-31	Infants	Argentina	Ciudad Autonoma de Buenos Aires	
hRSV/A/Argentina/BA-HNRG-099/2014	2014-09-01	Infants	Argentina		
hRSV/A/Argentina/BA-HNRG-016/2014	2014-05-23	Infants	Argentina	Buenos Aires	
hRSV/A/Argentina/BA-HNRG-037/2014	2014-06-09	Infants	Argentina	Buenos Aires	
hRSV/A/Argentina/BA-HNRG-018/2014	2014-05-26	Preschool	Argentina	Buenos Aires	
hRSV/A/Germany/SH-13-05911/2013	2013-04-29	Infants	Germany	Schleswig Holstein	
hRSV/A/Spain/CT-HUVH-159039/2015	2015-02-02	Newborns	Spain	Catalunya	
hRSV/A/Spain/CT-HUVH-380940/2016	2016-03-12	Newborns	Spain	Catalunya	
hRSV/A/Australia/VIC-VIDRL002/2016	2016-06-27	Children	Australia	Victoria	
hRSV/A/Australia/A-NSW-WM4754A-16/2016	2016-08-15		Australia		
hRSV/A/Spain/CT-HUVH-525031/2016	2016-11-30	Infants	Spain	Catalunya	
hRSV/A/China/CCMU-WZ17004/2017	2017-12-19		China		
hRSV/A/England/154940152/2015	2015-11-30	Preschool	United Kingdom	England	
hRSV/A/Netherlands/un-UMC-310101043/2017	2017-12-29		Netherlands		
hRSV/A/Netherlands/un-DP-UU02-0003-D02/2017	2017-11-15	Newborns	Netherlands		
hRSV/A/Netherlands/un-DP-UU02-0003-V01/2017	2017-11-14	Newborns	Netherlands		
hRSV/A/Netherlands/un-UMC-310101004/2017	2017-11-13		Netherlands		
hRSV/A/China/CCMU-0061/2019	2019-01-15		China		
hRSV/A/Argentina/BA-HNRG-075/2014	2014-07-14	Infants	Argentina	Buenos Aires	
hRSV/A/Australia/A-NSW-WM0359B-15/2015	2015-08-10		Australia		
hRSV/A/Argentina/BA-HNRG-227/2016	2016-05-26	Preschool	Argentina	Buenos Aires	
hRSV/A/Argentina/BA-HNRG-197/2015	2015-08-03	Newborns	Argentina	Buenos Aires	
hRSV/A/Nicaragua/NIC-IIIn-15-0256-01NT/2015	2015-11-16	Infants	Nicaragua	Managua	
hRSV/A/Nicaragua/NIC-IIIn-16-0250-01NT/2016	2016-09-30	Infants	Nicaragua	Managua	
hRSV/A/Netherlands/un-DP-UU02-0165-V01/2020	2020-01-07	Newborns	Netherlands		
Yale-RSV-0020	2023-10-15	Infants	USA	Connecticut	
Yale-RSV-0161	2023-12-04	Infants	USA	Connecticut	
Yale-RSV-0231	2024-01-29	Children	USA	Connecticut	
hRSV/A/Finland/UMC-358101047/2018	2018-03-22		Finland		
hRSV/A/Australia/VIC-RCH010/2018	2018-01-23	Infants	Australia	Victoria	
hRSV/A/Morocco/1505-19/2019	2019-02-08	Adults	Morocco	Marrakech	
hRSV/A/Morocco/194H-15/2015	2015-02-25	Infants	Morocco	Oujda	
hRSV/A/Spain/CT-HUVH-123216/2014	2014-11-29	Newborns	Spain	Catalunya	
hRSV/A/Argentina/BA-HNRG-380/2017	2017-07-04	Infants	Argentina	Buenos Aires	
hRSV/A/Argentina/BA-HNRG-388/2017	2017-07-17	Infants	Argentina	Buenos Aires	
hRSV/A/Italy/SIC-52_10/2020	2020-03-08		Italy	Sicily	
hRSV/A/Germany/un-UMC-490103017/2020	2020-03-04		Germany		
hRSV/A/Japan/UMC-810101022/2018	2018-03-15		Japan		
hRSV/A/Brazil/un-UMC-550102100/2019	2019-04-23		Brazil		
hRSV/A/Brazil/un-UMC-550102123/2019	2019-06-07		Brazil		
hRSV/A/Japan/UMC-810103011/2019	2019-09-06		Japan		
hRSV/A/Japan/UMC-810103002/2019	2019-08-20		Japan		
hRSV/A/Japan/KU-003/2018	2018-10-01		Japan	Tokyo	
hRSV/A/Japan/UMC-810103014/2019	2019-09-11		Japan		
hRSV/A/Spain/CT-HUVH-330678/2015	2015-12-18	Infants	Spain	Catalunya	
hRSV/A/Spain/CT-HUVH-231189/2015	2015-10-23	Preschool	Spain	Catalunya	
hRSV/A/Australia/A-NSW-WM2841A-16/2016	2016-08-03		Australia		
hRSV/A/Australia/A-NSW-WM0737A-16/2016	2016-08-15		Australia		
hRSV/A/Morocco/857-16/2016	2016-03-13	Infants	Morocco	Rabat	
hRSV/A/England/155000459/2015	2015-12-07	Infants	United Kingdom	England	
hRSV/A/Finland/UMC-358101046/2018	2018-03-19		Finland		
hRSV/A/England/RE20000103/2020	2020-01-24	Infants	United Kingdom	England	
hRSV/A/Finland/UMC-358101028/2018	2018-02-09		Finland		
hRSV/A/Argentina/BA-HNRG-392/2017	2017-07-20	Preschool	Argentina		
hRSV/A/Argentina/BA-HNRG-366/2017	2017-06-23	Infants	Argentina	Buenos Aires	
hRSV/A/Nicaragua/NIC-IIIn-16-0244-01NT/2016	2016-10-03	Infants	Nicaragua	Managua	
hRSV/A/Nicaragua/NIC-IIIn-16-0238-01NT/2016	2016-10-21	Newborns	Nicaragua	Managua	
hRSV/A/USA/un-BCM-121310731A/2013	2013-03-19		USA		
hRSV/A/Spain/CT-HUVH-716398/2017	2017-11-07	Newborns	Spain	Catalunya	
hRSV/A/Morocco/275-17/2016	2016-12-26	Preschool	Morocco	Fes	
hRSV/A/Morocco/1174-17/2017	2017-03-02	Preschool	Morocco	Rabat	
hRSV/A/Morocco/701-17/2017	2017-01-25	Infants	Morocco	Agadir	
hRSV/A/Morocco/700-17/2017	2017-01-23	Newborns	Morocco	Agadir	
hRSV/A/Australia/A-NSW-WM3409A-16/2016	2016-09-28		Australia		
hRSV/A/USA/un-BCM-121310730A/2013	2013-03-12		USA		
hRSV/A/Finland/UMC-358103035/2020	2020-02-19		Finland		
hRSV/A/Australia/VIC-RCH101/2017	2017-08-01	Preschool	Australia	Victoria	
hRSV/A/Australia/VIC-RCH182/2018	2018-10-14	Infants	Australia	Victoria	
hRSV/A/Australia/un-UMC-610102039/2019	2019-08-04		Australia		
hRSV/A/Germany/BE-14-02165/2014	2014-02-21	Infants	Germany	Berlin	
hRSV/A/Italy/SIC-29_52/2017	2017-12-27		Italy	Sicily	
hRSV/A/Australia/A-NSW-WM1079A-16/2016	2016-08-14		Australia		
hRSV/A/USA/UAMS-DID-040/2016	2016-02-01		USA	Arkansas	
hRSV/A/Argentina/BA-HNRG-399/2017	2017-08-08	Preschool	Argentina	Ciudad Autonoma de Buenos Aires	
hRSV/A/Argentina/BA-HNRG-343/2017	2017-06-07	Infants	Argentina	Buenos Aires	
hRSV/A/Argentina/BA-HNRG-370/2017	2017-06-26	Infants	Argentina	Buenos Aires	
hRSV/A/Lebanon/JF204/2014	2014-11-28		Lebanon		
hRSV/A/Lebanon/14LJF289/2015	2015-02-01		Lebanon		
hRSV/A/USA/TH-10509/2013	2013-10-15		USA		
hRSV/A/USA/TH-10631/2013	2013-11-05		USA		
hRSV/A/USA/ACRI-039/2016	2016-02-29		USA	Arkansas	
hRSV/A/England/154640011/2015	2015-11-09	Infants	United Kingdom	England	
hRSV/A/Morocco/888-16/2016	2016-03-15	Infants	Morocco	Rabat	
hRSV/A/Australia/A-NSW-WM1670A-16/2016	2016-07-31		Australia		
hRSV/A/Netherlands/un-DP-UU02-0017-V01/2017	2017-12-15	Infants	Netherlands		
hRSV/A/Germany/NI-17-01795/2017	2017-01-09	Preschool	Germany	Lower Saxony	
hRSV/A/Morocco/143-16/2015	2015-12-18	Children	Morocco	Oujda	
hRSV/A/Netherlands/un-DP-UU02-0047-V01/2018	2018-02-02	Infants	Netherlands		
hRSV/A/England/RE20000024/2020	2020-01-03	Infants	United Kingdom	England	
hRSV/A/France/un-UMC-330103007/2019	2019-10-30		France		
hRSV/A/France/un-UMC-330103006/2019	2019-10-23		France		
hRSV/A/Australia/A-NSW-WM0279A-14/2014	2014-09-11		Australia		
hRSV/A/Australia/A-NSW-WM3458A-14/2014	2014-08-13		Australia		
hRSV/A/Germany/MV-17-03987/2017	2017-02-27	Preschool	Germany	Mecklenburg Western Pomerania	
hRSV/A/Argentina/BA-HNRG-200/2015	2015-08-12	Newborns	Argentina	Ciudad Autonoma de Buenos Aires	
hRSV/A/Spain/CT-HUVH-317781/2015	2015-11-25	Infants	Spain	Catalunya	
hRSV/A/Spain/CT-HUVH-329021/2015	2015-12-15	Infants	Spain	Catalunya	
hRSV/A/Argentina/BA-HNRG-305/2017	2017-04-24	Preschool	Argentina	Ciudad Autonoma de Buenos Aires	
hRSV/A/Argentina/BA-HNRG-304/2017	2017-04-17	Preschool	Argentina	Buenos Aires	
hRSV/A/Spain/CT-HUVH-244213/2015	2015-11-24	Infants	Spain	Catalunya	
hRSV/A/Spain/CT-HUVH-331620/2015	2015-12-19	Preschool	Spain	Catalunya	
hRSV/A/Spain/CT-HUVH-322361/2015	2015-12-03	Preschool	Spain	Catalunya	
hRSV/A/Morocco/875-16/2016	2016-03-14	Infants	Morocco	Beni mellal	
hRSV/A/Morocco/779-16/2016	2016-03-02	Infants	Morocco	Beni mellal	
hRSV/A/Morocco/716-16/2016	2016-02-29	Infants	Morocco	Beni mellal	
hRSV/A/Morocco/718-16/2016	2016-02-29	Infants	Morocco	Beni mellal	
hRSV/A/Australia/un-UMC-610101005/2018	2018-07-10		Australia		
hRSV/A/Spain/CT-HUVH-528484/2016	2016-12-06	Preschool	Spain	Catalunya	
hRSV/A/Australia/un-UMC-610101029/2018	2018-08-25		Australia		
hRSV/A/Argentina/BA-HNRG-323/2017	2017-05-22	Infants	Argentina	Buenos Aires	
hRSV/A/Argentina/BA-HNRG-401/2017	2017-08-17	Infants	Argentina		
hRSV/A/Spain/CT-HUVH-265989/2016	2016-01-14	Preschool	Spain	Catalunya	
hRSV/A/Zambia/Lusaka-3215/2019	2019-03-05		Zambia		
hRSV/A/Australia/VIC-RCH166/2018	2018-08-27	Newborns	Australia	Victoria	
hRSV/A/Argentina/BA-HNRG-270/2016	2016-06-27	Newborns	Argentina	Buenos Aires	
hRSV/A/Argentina/BA-HNRG-294/2016	2016-07-25	Infants	Argentina	Ciudad Autonoma de Buenos Aires	
hRSV/A/Australia/un-UMC-610101020/2018	2018-08-12		Australia		
hRSV/A/Australia/un-UMC-610101039/2018	2018-10-03		Australia		
hRSV/A/Netherlands/un-DP-UU02-0203-V01/2019	2019-11-27	Infants	Netherlands		
hRSV/A/Argentina/BA-HNRG-301/2017	2017-02-22	Children	Argentina	Ciudad Autonoma de Buenos Aires	
hRSV/A/England/174460397/2017	2017-10-30	Preschool	United Kingdom	England	
hRSV/A/England/282/2017	2017-01-01		England	London	
hRSV/A/England/174360331/2017	2017-10-24	Preschool	United Kingdom	England	
hRSV/A/Kenya/KILIFI-WGS-1132-11-01/2013	2013-01-11		Kenya		
hRSV/A/Kenya/KILIFI-WGS-1034-11-03/2012	2012-03-11		Kenya		
hRSV/A/Kenya/KILIFI-WGS-1128-07-01/2013	2013-01-07		Kenya		
hRSV/A/Kenya/KILIFI-WGS-1107-28-11/2012	2012-11-28		Kenya		
hRSV/A/Kenya/KILIFI-WGS-1112-29-11/2012	2012-11-29		Kenya		
hRSV/A/Kenya/KILIFI-WGS-1063-18-06/2012	2012-06-18		Kenya		
hRSV/A/Kenya/KILIFI-WGS-1040-26-03/2012	2012-03-26		Kenya		
hRSV/A/Kenya/KILIFI-WGS-1060-11-06/2012	2012-06-11		Kenya		
hRSV/A/Kenya/KILIFI-WGS-1058-08-06/2012	2012-06-08		Kenya		
hRSV/A/Kenya/KILIFI-WGS-1053-26-04/2012	2012-04-26		Kenya		
hRSV/A/Kenya/KILIFI-WGS-1061-13-06/2012	2012-06-13		Kenya		
hRSV/A/Kenya/KILIFI-WGS-1071-14-08/2012	2012-08-14		Kenya		
hRSV/A/Kenya/KILIFI-WGS-1036-21-03/2012	2012-03-21		Kenya		
hRSV/A/Kenya/KILIFI-WGS-1051-24-04/2012	2012-04-24		Kenya		
hRSV/A/Kenya/KILIFI-WGS-1043-05-04/2012	2012-04-05		Kenya		
hRSV/A/Kenya/KILIFI-WGS-1105-28-11/2012	2012-11-28		Kenya		
hRSV/A/Kenya/KILIFI-WGS-1025-13-02/2012	2012-02-13		Kenya		
hRSV/A/Kenya/KILIFI-WGS-1066-28-06/2012	2012-06-28		Kenya		
hRSV/A/Kenya/KILIFI-WGS-1078-31-10/2012	2012-10-31		Kenya		
hRSV/A/Kenya/KILIFI-WGS-1097-24-11/2012	2012-11-24		Kenya		
hRSV/A/Kenya/KILIFI-WGS-1035-16-03/2012	2012-03-16		Kenya		
hRSV/A/Kenya/KILIFI-WGS-1044-10-04/2012	2012-04-10		Kenya		
hRSV/A/Kenya/KILIFI-WGS-1032-07-03/2012	2012-03-07		Kenya		
hRSV/A/Kenya/KILIFI-WGS-1054-16-05/2012	2012-05-16		Kenya		
hRSV/A/Philippines/TOp-13-186/2013	2013-05-31		Philippines		
hRSV/A/England/124740535/2012	2012-11-19	Geriatrics	United Kingdom	England	
hRSV/A/England/135140098/2013	2013-12-12	Geriatrics	United Kingdom	England	
hRSV/A/Jordan/JOR-D3633/2012	2012-12-19		Jordan	Amman	
hRSV/A/USA/A-NIID-2347-14/2014	2014-04-03	Preschool	USA		
hRSV/A/USA/TH-10150/2012	2012-08-15		USA		
hRSV/A/USA/TH-10093/2012	2012-08-27		USA		
hRSV/A/Kenya/Kilifi-WGS-1582-01-04/2014	2014-04-01		Kenya		
hRSV/A/Kenya/KILIFI-WGS-1249-05-12/2014	2014-12-05		Kenya		
hRSV/A/Kenya/KILIFI-WGS-1168-07-11/2013	2013-11-07		Kenya		
hRSV/A/Kenya/KILIFI-WGS-1286-04-01/2015	2015-01-04		Kenya		
hRSV/A/Kenya/KILIFI-WGS-1293-24-01/2015	2015-01-24		Kenya		
hRSV/A/Kenya/KILIFI-WGS-1167-04-11/2013	2013-11-04		Kenya		
hRSV/A/Kenya/KILIFI-WGS-1162-12-10/2013	2013-10-12		Kenya		
hRSV/A/Kenya/KILIFI-WGS-1163-15-10/2013	2013-10-15		Kenya		
hRSV/A/Kenya/KILIFI-WGS-1298-31-01/2015	2015-01-31		Kenya		
hRSV/A/Kenya/KILIFI-WGS-1315-01-04/2015	2015-04-01		Kenya		
hRSV/A/Kenya/KILIFI-WGS-1274-21-12/2014	2014-12-21		Kenya		
hRSV/A/Kenya/KILIFI-WGS-1318-08-04/2015	2015-04-08		Kenya		
hRSV/A/Kenya/KILIFI-WGS-1301-08-02/2015	2015-02-08		Kenya		
hRSV/A/Kenya/KILIFI-WGS-1305-21-02/2015	2015-02-21		Kenya		
hRSV/A/Kenya/KILIFI-WGS-1261-14-12/2014	2014-12-14		Kenya		
hRSV/A/Mozambique/MAP-IR0287/2016	2016-04-14	Infants	Mozambique	Maputo	
hRSV/A/Zambia/Lusaka-2133/2019	2019-03-01		Zambia		
hRSV/A/Kenya/Kilifi-WGS-1590-01-02/2016	2016-02-01		Kenya		
hRSV/A/Kenya/KILIFI-WGS-1312-22-03/2015	2015-03-22		Kenya		
hRSV/A/Kenya/KILIFI-WGS-1309-08-03/2015	2015-03-08		Kenya		
hRSV/A/Kenya/KILIFI-WGS-1320-12-04/2015	2015-04-12		Kenya		
hRSV/A/Kenya/KILIFI-WGS-1308-05-03/2015	2015-03-05		Kenya		
hRSV/A/Kenya/Kilifi-WGS-1591-18-01/2016	2016-01-18		Kenya		
hRSV/A/Kenya/KILIFI-WGS-1271-18-12/2014	2014-12-18		Kenya		
hRSV/A/Spain/CT-HUVH-34108/2014	2014-02-13	Infants	Spain	Catalunya	
hRSV/A/Spain/CT-HUVH-181583/2013	2013-12-09	Preschool	Spain	Catalunya	
hRSV/A/Argentina/BA-HNRG-188/2015	2015-07-22	Preschool	Argentina	Buenos Aires	
hRSV/A/Morocco/58H-14/2014	2014-03-18	Children	Morocco	Agadir	
hRSV/A/Morocco/68H-14/2014	2014-03-25	Preschool	Morocco	Agadir	
hRSV/A/Mongolia/NCCD020/2019	2019-03-26	Infants	Mongolia	Ulaanbaatar	
hRSV/A/Kenya/KEMRI-20188/2022	2022-03-09		Kenya	Kilifi	
hRSV/A/USA/MN-MDH-00017/2023	2023-08-25		USA	Minnesota	
hRSV/A/USA/MN-MDH-00216/2023	2023-11-09		USA	Minnesota	
hRSV/A/Italy/LOM-01028279/2023	2023-04-03	Preschool	Italy	Lombardy	
hRSV/A/Philippines/CDC-99071/2019	2019-10-01		Philippines		
hRSV/A/Spain/CT-HUVH-538221/2021	2021-05-16	Infants	Spain	Catalunya	
hRSV/A/Brazil/ES-FIOCRUZ-11361/2022	2022-04-17	Infants	Brazil	Espirito Santo	
hRSV/A/Brazil/SP-FIOCRUZ-4453/2023	2023-03-15	Infants	Brazil	Sao Paulo	
hRSV/A/Brazil/RS-FIOCRUZ-68529/2021	2021-05-28	Adults	Brazil	Rio Grande do Sul	
hRSV/A/Brazil/PR-FIOCRUZ-10696/2022	2022-03-20	Infants	Brazil	Parana	
hRSV/A/Brazil/PB-FIOCRUZ-67872/2021	2021-06-18	Newborns	Brazil	Paraiba	
hRSV/A/Brazil/ES-FIOCRUZ-11434/2022	2022-04-22	Infants	Brazil	Espirito Santo	
hRSV/A/Spain/AN-PMC-00056/2024	2024-01-18		Spain	Andalucia	
hRSV/A/Spain/AN-PMC-00057/2024	2024-01-22		Spain	Andalucia	
hRSV/A/Brazil/RS-FIOCRUZ-68613/2021	2021-09-09	Adults	Brazil	Rio Grande do Sul	
hRSV/A/Brazil/PR-FIOCRUZ-10693/2022	2022-03-17	Preschool	Brazil	Parana	
hRSV/A/Brazil/PR-FIOCRUZ-10708/2022	2022-03-26	Newborns	Brazil	Parana	
hRSV/A/Brazil/RS-FIOCRUZ-68558/2021	2021-06-27	Infants	Brazil	Rio Grande do Sul	
hRSV/A/Brazil/RS-FIOCRUZ-68570/2021	2021-07-06	Geriatrics	Brazil	Rio Grande do Sul	
hRSV/A/Brazil/RS-FIOCRUZ-68526/2021	2021-05-19	Geriatrics	Brazil	Rio Grande do Sul	
hRSV/A/Brazil/RS-FIOCRUZ-68546/2021	2021-06-17	Infants	Brazil	Rio Grande do Sul	
hRSV/A/China/CCMU-WZ17074/2018	2018-02-22		China		
hRSV/A/Mozambique/MAP-IR0304/2019	2019-03-26	Infants	Mozambique	Maputo	
hRSV/A/Argentina/HNRG-435/2019	2019-06-11	Infants	Argentina	Buenos Aires	
hRSV/A/Brazil/SP-1233/2019	2019-04-15		Brazil	Sao Paulo	
hRSV/A/Australia/VIC-RCH083/2017	2017-07-26	Preschool	Australia	Victoria	
hRSV/A/Morocco/965-17/2017	2017-02-14	Infants	Morocco	Agadir	
hRSV/A/Germany/HE-17-00876/2016	2016-11-30	Preschool	Germany	Hesse	
hRSV/A/Morocco/924-18/2018	2018-01-26	Adults	Morocco	Fes	
hRSV/A/Germany/un-UMC-490103033/2020	2020-03-30		Germany		
hRSV/A/Argentina/BA-HNRG-413/2018	2018-06-18	Infants	Argentina	Buenos Aires	
hRSV/A/Spain/CT-HUVH-936542/2018	2018-11-26	Preschool	Spain	Catalunya	
hRSV/A/Spain/CT-HUVH-934183/2018	2018-11-22	Newborns	Spain	Catalunya	
hRSV/A/Philippines/99065/2019	2019-08-25	Infants	Philippines	Baguio	
hRSV/A/Philippines/CDC-99069/2019	2019-09-09		Philippines	Davao	
hRSV/A/Italy/un-UMC-390103004/2019	2019-12-18		Italy		
hRSV/A/France/BRE-RELAB-IPP01453/2024	2024-01-10	Geriatrics	France	Bretagne	
hRSV/A/France/IDF-RELAB-IPP24132/2023	2023-10-05	Geriatrics	France	Ile-de-France	
hRSV/A/Australia/VIC-RCH0173/2023	2023-07-23	Infants	Australia	Victoria	
hRSV/A/Italy/LOM-45/2021	2021-12-30	Infants	Italy	Lombardy	
hRSV/A/Senegal/0693/2022	2022-05-22	Infants	Senegal	Dakar	
hRSV/A/Germany/HE-21-06264/2021	2021-08-09	Children	Germany	Hesse	
hRSV/A/France/ARA-HCL021119405401/2021	2021-06-30	Preschool	France	Auvergne-Rhone-Alpes	
hRSV/A/France/ARA-HCL021205690501/2021	2021-11-18	Preschool	France	Auvergne-Rhone-Alpes	
hRSV/A/France/ARA-HCL021120538801/2021	2021-07-02	Preschool	France	Auvergne-Rhone-Alpes	
hRSV/A/France/ARA-HCL021030901201/2021	2021-02-16	Preschool	France	Auvergne-Rhone-Alpes	
hRSV/A/France/ARA-HCL021040265201/2021	2021-03-02	Preschool	France	Auvergne-Rhone-Alpes	
hRSV/A/France/ARA-HCL021048521701/2021	2021-03-15	Preschool	France	Auvergne-Rhone-Alpes	
hRSV/A/France/ARA-HCL021062306602/2021	2021-04-02	Preschool	France	Auvergne-Rhone-Alpes	
hRSV/A/France/ARA-HCL021083367301/2021	2021-05-03	Preschool	France	Auvergne-Rhone-Alpes	
hRSV/A/France/ARA-HCL021064700201/2021	2021-04-07	Preschool	France	Auvergne-Rhone-Alpes	
hRSV/A/France/ARA-HCL021143245601/2021	2021-08-10	Preschool	France	Auvergne-Rhone-Alpes	
hRSV/A/Senegal/0004/2022	2022-01-04	Newborns	Senegal	Dakar	
hRSV/A/Senegal/2099/2023	2023-10-10	Preschool	Senegal	Dakar	
hRSV/A/Senegal/IPD-2778/2023	2023-12-08	Infants	Senegal	Dakar	
hRSV/A/France/BFC-RELAB-IPP02428/2024	2024-03-01	Geriatrics	France	Bourgogne-Franche-Comte	
hRSV/A/France/ARA-HCL021124543601/2021	2021-07-08	Preschool	France	Auvergne-Rhone-Alpes	
hRSV/A/France/ARA-HCL021030966401/2021	2021-02-16	Preschool	France	Auvergne-Rhone-Alpes	
hRSV/A/France/BRE-RELAB-IPP02928/2024	2024-01-29	Geriatrics	France	Bretagne	
hRSV/A/Italy/SIC-114_50/2021	2021-12-15		Italy	Sicily	
hRSV/A/Italy/SIC-315_50/2021	2021-12-17		Italy	Sicily	
hRSV/A/France/ARA-HCL021052781001/2021	2021-03-20	Preschool	France	Auvergne-Rhone-Alpes	
Yale-RSV-0221	2024-01-25	Children	USA	Connecticut	
hRSV/A/Argentina/PAIS-ELZ-37/2022	2022-07-20	Infants	Argentina	Buenos Aires	
hRSV/A/Australia/NT-RDH0227/2023	2023-10-15	Preschool	Australia	Northern Territory	
hRSV/A/Spain/AN-PMC-00094/2024	2024-04-04		Spain	Andalucia	
hRSV/A/Peru/LIM-UPCH-4103/2023	2023-05-18		Peru	Lima	
hRSV/A/Italy/LOM-37/2021	2021-11-23	Infants	Italy	Lombardy	
hRSV/A/France/ARA-HCL022181334701/2022	2022-10-27	Newborns	France	Auvergne-Rhone-Alpes	
hRSV/A/Spain/GA-CHUVI-22064726/2023	2023-01-12	Newborns	Spain	Galicia	
hRSV/A/Germany/RP-22-03065/2022	2022-01-10	Infants	Germany	Rhineland Palatinate	
hRSV/A/Spain/GA-CHUVI-34571969/2022	2022-02-08	Children	Spain	Galicia	
hRSV/A/Spain/CHUVI-19450008/2021	2021-11-21	Children	Spain	Galicia	
hRSV/A/Spain/CT-HUVH-648622/2021	2021-10-14	Preschool	Spain	Catalunya	
hRSV/A/France/ARA-HCL021197886901/2021	2021-11-05	Preschool	France	Auvergne-Rhone-Alpes	
hRSV/A/Spain/CT-HUVH-916110/2022	2022-02-22	Newborns	Spain	Catalunya	
hRSV/A/Spain/CT-HUVH-820682/2022	2022-05-11	Infants	Spain	Catalunya	
hRSV/A/France/ARA-HCL021187253201/2021	2021-10-19	Newborns	France	Auvergne-Rhone-Alpes	
hRSV/A/France/ARA-HCL021125384001/2021	2021-07-10	Preschool	France	Auvergne-Rhone-Alpes	
hRSV/A/France/ARA-HCL021144714301/2021	2021-08-13	Preschool	France	Auvergne-Rhone-Alpes	
hRSV/A/Germany/TH-21-07100/2021	2021-09-21	Newborns	Germany	Thuringia	
hRSV/A/France/ARA-HCL022186560101/2022	2022-11-07	Children	France	Auvergne-Rhone-Alpes	
hRSV/A/Australia/NT-RDH0040/2023	2023-04-14	Preschool	Australia	Northern Territory	
hRSV/A/Spain/AN-PMC-00091/2024	2024-02-27		Spain	Andalucia	
hRSV/A/Spain/AN-PMC-00088/2024	2024-01-11		Spain	Andalucia	
hRSV/A/China/HB-WCDC-AH0323/2023	2023-06-13	Preschool	China	Hubei	
Yale-RSV-0237	2024-01-31	Geriatrics	USA	Connecticut	
Yale-RSV-0136	2023-11-28	Infants	USA	Connecticut	
Yale-RSV-0254	2024-02-03	Infants	USA	Connecticut	
hRSV/A/France/ARA-HCL021041570601/2021	2021-03-04	Preschool	France	Auvergne-Rhone-Alpes	
hRSV/A/France/ARA-HCL021190216601/2021	2021-10-24	Preschool	France	Auvergne-Rhone-Alpes	
hRSV/A/France/ARA-HCL021193743001/2021	2021-10-28	Preschool	France	Auvergne-Rhone-Alpes	
hRSV/A/France/ARA-HCL022186541201/2022	2022-11-07	Preschool	France	Auvergne-Rhone-Alpes	
hRSV/A/France/ARA-HCL022009776002/2022	2022-01-14	Geriatrics	France	Auvergne-Rhone-Alpes	
hRSV/A/Italy/LOM-3/2021	2021-12-03	Newborns	Italy	Lombardy	
hRSV/A/Spain/CT-HUVH-534566/2021	2021-05-11	Preschool	Spain	Catalunya	
hRSV/A/Spain/CT-HUVH-563986/2021	2021-06-19	Newborns	Spain	Catalunya	
hRSV/A/USA/NY-Wadsworth-23018839-01/2024	2023-03-10	Newborns	USA	New York	
hRSV/A/USA/MA-BIHM-13756/2022	2022-10-28		USA	Massachusetts	
hRSV/A/USA/AZ-ASU102721/2023	2023-01-14		USA	Arizona	
hRSV/A/USA/AZ-ASU101607/2022	2022-12-11		USA	Arizona	
hRSV/A/USA/AZ-ASU-102743/2023	2023-03-11		USA	Arizona	
hRSV/A/USA/WA-UW-01327/2023	2023-12-19		USA	Washington	
hRSV/A/Australia/SA-PSA0012/2023	2023-08-30	Preschool	Australia	South Australia	
hRSV/A/Australia/VIC-MMC048/2023	2023-07-08	Geriatrics	Australia	Victoria	
hRSV/A/Australia/VIC-RCH0182/2023	2023-08-06	Infants	Australia	Victoria	
hRSV/A/USA/WA-BBI-S23815/2023	2023-01-31		USA	Washington	
hRSV/A/USA/MA-Broad_MGB-13676/2022	2022-11-04		USA	Massachusetts	
hRSV/A/USA/AZ-ASU102683/2023	2023-02-04		USA	Arizona	
hRSV/A/USA/AZ-ASU102684/2023	2023-02-22		USA	Arizona	
hRSV/A/USA/AZ-ASU102675/2023	2023-01-05		USA	Arizona	
hRSV/A/USA/AZ-ASU-102675/2023	2023-01-05		USA	Arizona	
hRSV/A/USA/NY-Wadsworth-23023557-01/2024	2023-03-26	Infants	USA	New York	
hRSV/A/USA/WA-BBI-S23758/2022	2022-11-07		USA	Washington	
Yale-RSV-0179	2023-12-10	Preschool	USA	Connecticut	
Yale-RSV-0208	2024-01-23	Geriatrics	USA	Connecticut	
Yale-RSV-0160	2023-12-04	Preschool	USA	Connecticut	
Yale-RSV-0277	2024-02-08	Geriatrics	USA	Connecticut	
Yale-RSV-0043	2023-10-15	Preschool	USA	Connecticut	
Yale-RSV-0055	2023-10-24	Preschool	USA	Connecticut	
Yale-RSV-0085	2023-10-19	Geriatrics	USA	Connecticut	
Yale-RSV-0030	2023-10-23	Infants	USA	Connecticut	
Yale-RSV-0121	2023-11-22	Adults	USA	Connecticut	
hRSV/A/USA/LA2-95/2013	2013-02-19	Infants	USA	Tennessee	
hRSV/A/USA/TH-10236/2012	2012-09-12		USA		
hRSV/A/USA/TH-10534/2013	2013-08-26		USA		
hRSV/A/USA/LA2-69/2013	2013-02-11	Infants	USA	Tennessee	
hRSV/A/USA/LA2-07/2012	2012-12-26	Infants	USA	Tennessee	
hRSV/A/USA/A-TX-1043b-WGS/2013	2013-01-11		USA		
hRSV/A/USA/un-BCM-121310736A/2013	2013-12-27		USA		
hRSV/A/Germany/NI-15-00817/2014	2014-12-02	Preschool	Germany	Lower Saxony	
hRSV/A/England/140400200/2014	2014-01-17	Preschool	United Kingdom	England	
hRSV/A/Germany/BW-14-02853/2014	2014-03-18	Preschool	Germany	Baden-Wurttemberg	
hRSV/A/Madagascar/00267/2014	2014-01-29	Infants	Madagascar	Antananarivo	
hRSV/A/Morocco/53H-14/2014	2014-03-12	Preschool	Morocco	Rabat	
hRSV/A/Morocco/30H-14/2014	2014-02-14	Preschool	Morocco	Rabat	
hRSV/A/Morocco/36H-14/2014	2014-02-14	Preschool	Morocco	Rabat	
hRSV/A/Germany/BW-14-02421/2014	2014-03-03	Infants	Germany	Baden-Wurttemberg	
hRSV/A/Argentina/BA-HNRG-316/2017	2017-05-15	Infants	Argentina	Buenos Aires	
hRSV/A/Australia/A-NSW-WM1112A-16/2016	2016-10-27		Australia		
hRSV/A/Australia/A-NSW-WM1254A-16/2016	2016-07-31		Australia		
hRSV/A/Australia/A-NSW-WM0371A-16/2016	2016-10-02		Australia		
hRSV/A/Australia/A-NSW-WM1734B-16/2016	2016-01-04		Australia		
hRSV/A/Australia/A-NSW-WM1554A-16/2016	2016-08-02		Australia		
hRSV/A/USA/TH-10128/2012	2012-10-10		USA		
hRSV/A/England/164560313/2016	2016-11-07	Preschool	United Kingdom	England	
hRSV/A/England/135000088/2013	2013-12-06	Newborns	United Kingdom	England	
hRSV/A/England/140220141/2014	2014-01-03	Preschool	United Kingdom	England	
hRSV/A/Argentina/BA-HNRG-009/2014	2014-05-15	Infants	Argentina	Ciudad Autonoma de Buenos Aires	
hRSV/A/Morocco/160H-15/2015	2015-02-03	Infants	Morocco	Fes	
hRSV/A/USA/TH-10327/2012	2012-09-26		USA		
hRSV/A/USA/TH-10138/2012	2012-10-18		USA		
hRSV/A/USA/TH-10094/2012	2012-09-21		USA		
hRSV/A/Morocco/20-15/2014	2014-11-17	Preschool	Morocco	Meknes	
hRSV/A/Morocco/199H-15/2015	2015-03-03	Preschool	Morocco	Sale	
hRSV/A/USA/TH-10324/2012	2012-12-03		USA		
hRSV/A/Germany/BW-14-01559/2014	2014-02-03	Preschool	Germany	Baden-Wurttemberg	
hRSV/A/USA/TH-10098/2012	2012-10-22		USA		
hRSV/A/USA/TH-10255/2012	2012-08-31		USA		
hRSV/A/USA/TH-10307/2013	2013-03-04		USA		
hRSV/A/England/130700478/2013	2013-02-11	Preschool	United Kingdom	England	
hRSV/A/Australia/A-NSW-WM1008A-13/2013	2013-05-31		Australia		
hRSV/A/USA/TH-10603/2013	2013-11-25		USA		
hRSV/A/USA/TH-10566/2014	2014-01-27		USA		
hRSV/A/Australia/A-NSW-WM1825A-16/2016	2016-07-31		Australia		
hRSV/A/Australia/A-NSW-WM1991A-16/2016	2016-08-04		Australia		
hRSV/A/Australia/A-NSW-WM1053A-16/2016	2016-09-24		Australia		
hRSV/A/Argentina/BA-HNRG-069/2014	2014-07-03	Newborns	Argentina	Buenos Aires	
hRSV/A/Argentina/BA-HNRG-059/2014	2014-06-23	Infants	Argentina	Buenos Aires	
hRSV/A/Argentina/BA-HNRG-063/2014	2014-06-26	Infants	Argentina	Buenos Aires	
hRSV/A/USA/TH-10149/2012	2012-09-11		USA		
hRSV/A/Spain/CT-HUVH-144288/2015	2015-01-07	Infants	Spain	Catalunya	
hRSV/A/Spain/CT-HUVH-524295/2016	2016-11-29	Newborns	Spain	Catalunya	
hRSV/A/Argentina/BA-HNRG-023/2014	2014-05-28	Children	Argentina		
hRSV/A/Argentina/BA-HNRG-125/2015	2015-05-29	Infants	Argentina	Ciudad Autonoma de Buenos Aires	
hRSV/A/Argentina/BA-HNRG-138/2015	2015-06-08	Infants	Argentina	Ciudad Autonoma de Buenos Aires	
hRSV/A/USA/WA-BBI-S24929/2019	2019-12-17		USA	Washington	
hRSV/A/Australia/un-UMC-610102037/2019	2019-07-23		Australia		
hRSV/A/Brazil/un-UMC-550102160/2019	2019-07-03		Brazil		
hRSV/A/Australia/un-UMC-610102012/2019	2019-05-24		Australia		
hRSV/A/Australia/VIC-RCH069/2019	2019-05-20	Preschool	Australia	Victoria	
hRSV/A/England/174680287/2017	2017-11-15	Infants	United Kingdom	England	
hRSV/A/Spain/un-DP-SE01A-0071-V02/2019	2019-01-16	Infants	Spain		
hRSV/A/Spain/un-DP-SE01A-0047-V02/2019	2019-01-08	Infants	Spain		
hRSV/A/Australia/VIC-RCH179/2018	2018-11-29	Infants	Australia	Victoria	
hRSV/A/USA/WA-BBI-S23336/2020	2020-01-17		USA	Washington	
hRSV/A/Australia/QLD-RBWH015/2021	2021-01-13	Preschool	Australia	Queensland	
hRSV/A/Australia/QLD-RBWH100/2021	2021-02-14	Infants	Australia	Queensland	
hRSV/A/Zambia/Lusaka-1218/2019	2019-04-04		Zambia		
hRSV/A/Spain/CT-HUVH-459959/2017	2017-03-31	Infants	Spain	Catalunya	
hRSV/A/Australia/VIC-RCH181/2019	2019-09-02	Newborns	Australia	Victoria	
hRSV/A/Australia/VIC-RCH031/2018	2018-03-13	Infants	Australia	Victoria	
hRSV/A/Australia/VIC-RCH054/2018	2018-04-14	Infants	Australia	Victoria	
hRSV/A/Argentina/HNRG-415/2018	2018-06-28	Infants	Argentina	Buenos Aires	
hRSV/A/Argentina/BA-HNRG-331/2017	2017-05-29	Infants	Argentina	Ciudad Autonoma de Buenos Aires	
hRSV/A/Zambia/Lusaka-3117/2018	2018-05-10		Zambia		
hRSV/A/Zambia/Lusaka-4073/2018	2018-04-24		Zambia		
hRSV/A/Zambia/Lusaka-3923/2018	2018-05-03		Zambia		
hRSV/A/Zambia/Lusaka-3922/2018	2018-04-23		Zambia		
hRSV/A/USA/WA-BBI-S23251/2019	2019-11-29		USA	Washington	
hRSV/A/USA/WA-BBI-S23307/2020	2020-01-03		USA	Washington	
hRSV/A/Germany/un-UMC-490103024/2020	2020-03-11		Germany		
hRSV/A/Netherlands/un-DP-UU01A-0165-V02/2019	2019-12-03	Infants	Netherlands		
hRSV/A/USA/OR-BBI-S23808/2022	2022-12-11		USA	Oregon	
hRSV/A/USA/WA-BBI-S23794/2023	2023-01-23		USA	Washington	
hRSV/A/USA/WA-BBI-S23784/2022	2022-10-18		USA	Washington	
hRSV/A/USA/AZ-ASU102720/2023	2023-02-20		USA	Arizona	
hRSV/A/Argentina/BA-HNRG-340/2017	2017-06-05	Preschool	Argentina	Buenos Aires	
hRSV/A/Argentina/BA-HNRG-332/2017	2017-05-30	Infants	Argentina	Buenos Aires	
hRSV/A/Argentina/BA-HNRG-402/2017	2017-08-30	Newborns	Argentina	Ciudad Autonoma de Buenos Aires	
hRSV/A/England/194380339/2019	2019-10-24	Preschool	United Kingdom	England	
hRSV/A/Argentina/BA-HNRG-347/2017	2017-06-12	Newborns	Argentina	Buenos Aires	
hRSV/A/Argentina/BA-HNRG-382/2017	2017-07-05	Preschool	Argentina	Buenos Aires	
hRSV/A/Argentina/BA-HNRG-365/2017	2017-06-22	Preschool	Argentina	Buenos Aires	
hRSV/A/Spain/CT-HUVH-921110/2018	2018-10-30	Preschool	Spain	Catalunya	
hRSV/A/Spain/CT-HUVH-701328/2018	2018-10-08	Newborns	Spain	Catalunya	
hRSV/A/Finland/UMC-358102020/2019	2019-04-08		Finland		
hRSV/A/Argentina/BA-HNRG-433/2019	2019-06-06	Infants	Argentina	Buenos Aires	
hRSV/A/USA/AZ-ASU-102740/2022	2022-11-30		USA	Arizona	
hRSV/A/Ecuador/GSB-1171-1597/2024	2024-02-17	Infants	Ecuador	Imbabura	
Yale-RSV-0097	2023-11-18	Preschool	USA	Connecticut	
hRSV/A/Germany/RP-21-07063/2021	2021-09-10	Infants	Germany	Rhineland Palatinate	
hRSV/A/Mozambique/MAP-IR0041/2019	2019-01-17	Preschool	Mozambique	Maputo	
hRSV/A/Australia/VIC-RCH025/2019	2019-07-07	Infants	Australia	Victoria	
hRSV/A/Argentina/PAIS-ELZ-33/2022	2022-07-15	Infants	Argentina	Buenos Aires	
hRSV/A/Brazil/RJ-FIOCRUZ-20530/2020	2020-10-22	Preschool	Brazil	Rio de Janeiro	
hRSV/A/Argentina/BA-HNRG-452/2021	2021-08-03	Infants	Argentina	Buenos Aires	
Yale-RSV-0262	2024-02-05	Preschool	USA	Connecticut	
hRSV/A/Spain/GA-CHUAC-136/2024	2024-03-03	Infants	Spain	Galicia	
Yale-RSV-0189	2023-12-05	Preschool	USA	Connecticut	
hRSV/A/Spain/AN-PMC-00082/2024	2024-03-08		Spain	Andalucia	
hRSV/A/Argentina/PAIS-HNRG-463/2022	2022-08-24	Infants	Argentina	Buenos Aires	
hRSV/A/Argentina/PAIS-ELZ-41/2022	2022-08-24	Infants	Argentina	Buenos Aires	
hRSV/A/Argentina/PAIS-HNRG-456/2022	2022-05-04	Infants	Argentina	Buenos Aires	
Yale-RSV-0133	2023-11-27	Geriatrics	USA	Connecticut	
hRSV/A/Brazil/PB-IEC-038403/2023	2023-05-28	Newborns	Brazil	Paraiba	
hRSV/A/Italy/LIG-0502-1/2024	2024-02-05	Adults	Italy	Liguria	
hRSV/A/USA/WA-BBI-S24228/2023	2023-09-29		USA	Washington	
hRSV/A/Brazil/AL-FIOCRUZ-6103/2023	2023-05-18	Infants	Brazil	Alagoas	
hRSV/A/Brazil/AL-FIOCRUZ-7221/2023	2023-06-15	Infants	Brazil	Alagoas	
hRSV/A/Brazil/AL-FIOCRUZ-6101/2023	2023-05-16	Infants	Brazil	Alagoas	
hRSV/A/Brazil/AL-FIOCRUZ-6109/2023	2023-06-04	Infants	Brazil	Alagoas	
hRSV/A/France/ARA-HCL022183000501/2022	2022-10-31	Preschool	France	Auvergne-Rhone-Alpes	
hRSV/A/Senegal/1712/2022	2022-09-01	Newborns	Senegal	Dakar	
hRSV/A/Senegal/0694/2023	2023-05-02	Infants	Senegal	Dakar	
hRSV/A/Senegal/1917/2023	2023-09-25	Infants	Senegal	Dakar	
hRSV/A/Spain/CM-ISCIII-2519/2023	2023-12-04	Geriatrics	Spain	Castilla La Mancha	
hRSV/A/Australia/VIC-RCH001/2022	2022-01-16	Preschool	Australia	Victoria	
hRSV/A/Australia/un-VIDRL-005/2022	2022-01-14		Australia		
hRSV/A/England/212942129/2021	2021-07-19		United Kingdom	England	
hRSV/A/England/214640633/2021	2021-11-15		United Kingdom	England	
hRSV/A/Italy/SIC-43_07/2023	2023-02-18		Italy	Sicily	
hRSV/A/Spain/CT-HUVH-528302/2016	2016-12-06	Infants	Spain	Catalunya	
hRSV/A/Spain/CT-HUVH-533574/2016	2016-12-15	Newborns	Spain	Catalunya	
hRSV/A/Spain/CT-HUVH-548702/2017	2017-01-06	Infants	Spain	Catalunya	
hRSV/A/Germany/HB-21-07326/2021	2021-09-28	Preschool	Germany	Bremen	
hRSV/A/Germany/NW-22-01286/2021	2021-10-19	Infants	Germany	North Rhine-Westphalia	
hRSV/A/Argentina/BA-HNRG-441/2019	2019-07-29	Newborns	Argentina	Buenos Aires	
hRSV/A/Australia/VIC-RCH0176/2023	2023-07-23	Preschool	Australia	Victoria	
hRSV/A/USA/AZ-ASU101583/2022	2022-12-13		USA	Arizona	
hRSV/A/USA/AZ-USAFSAM-R00010/2022	2022-12-06		USA	Arizona	
hRSV/A/Brazil/RJ-FIOCRUZ-9007/2023	2023-05-02		Brazil	Rio de Janeiro	
hRSV/A/Brazil/SP-FIOCRUZ-4454/2023	2023-03-21	Infants	Brazil	Sao Paulo	
hRSV/A/Brazil/RJ-FIOCRUZ-34997/2020	2020-06-13		Brazil	Rio de Janeiro	
hRSV/A/Brazil/RJ-FIOCRUZ-35000/2020	2020-10-04		Brazil	Rio de Janeiro	
hRSV/A/Brazil/RJ-FIOCRUZ-34998/2020	2020-09-18		Brazil	Rio de Janeiro	
hRSV/A/Brazil/RS-FIOCRUZ-68569/2021	2021-07-07	Infants	Brazil	Rio Grande do Sul	
hRSV/A/Brazil/RS-FIOCRUZ-68519/2021	2021-05-15	Preschool	Brazil	Rio Grande do Sul	
hRSV/A/Brazil/RS-FIOCRUZ-68593/2021	2021-08-12	Children	Brazil	Rio Grande do Sul	
hRSV/A/Germany/BE-20-02746/2020	2020-02-25	Geriatrics	Germany	Berlin	
hRSV/A/Brazil/un-UMC-550102143/2019	2019-06-19		Brazil		
hRSV/A/Argentina/BA-HNRG-437/2019	2019-06-19	Infants	Argentina	Buenos Aires	
hRSV/A/USA/MA-BIHM-13823/2022	2022-08-11		USA	Massachusetts	
hRSV/A/Spain/un-UMC-340103038/2020	2020-02-28		Spain		
hRSV/A/Spain/un-DP-SE01A-0139-V02/2019	2019-12-23	Infants	Spain		
hRSV/A/Australia/VIC-RCH0005/2023	2023-02-04	Infants	Australia	Victoria	
hRSV/A/USA/MA-BIHM-13767/2022	2022-10-23		USA	Massachusetts	
hRSV/A/USA/NY-Wadsworth-23018835-01/2024	2023-02-05	Infants	USA	New York	
hRSV/A/Australia/VIC-RCH119/2018	2018-07-02	Infants	Australia	Victoria	
hRSV/A/Australia/VIC-RCH126/2017	2017-08-29	Infants	Australia	Victoria	
hRSV/A/Australia/VIC-RCH138/2017	2017-09-20	Infants	Australia	Victoria	
hRSV/A/Australia/VIC-RCH100/2017	2017-08-01	Infants	Australia	Victoria	
hRSV/A/Australia/un-VIDRL-067/2017	2017-09-11		Australia		
hRSV/A/Australia/un-VIDRL-013/2017	2017-09-11		Australia		
hRSV/A/England/RE19003128/2019	2019-11-26	Infants	United Kingdom	England	
hRSV/A/England/RE19003148/2019	2019-11-20	Newborns	United Kingdom	England	
hRSV/A/Australia/VIC-MMC054/2020	2020-12-30	Preschool	Australia	Victoria	
hRSV/A/Australia/VIC-RCH031/2021	2021-02-27	Newborns	Australia	Victoria	
hRSV/A/Australia/P533369/2020	2020-12-03		Australia	Australian Capital Territory	
hRSV/A/Australia/WM3351169/2020	2020-11-30		Australia	New South Wales	
hRSV/A/Australia/P507350/2020	2020-11-18		Australia	Australian Capital Territory	
hRSV/A/Australia/VIC-RCH092/2021	2021-04-10	Infants	Australia	Victoria	
hRSV/A/Australia/VIC-MMC035/2020	2020-12-22	Preschool	Australia	Victoria	
hRSV/A/Australia/VIC-RCH016/2021	2021-02-11	Newborns	Australia	Victoria	
hRSV/A/Australia/WM3321046/2020	2020-11-27		Australia	New South Wales	
hRSV/A/Australia/WM3312926/2020	2020-11-26		Australia	New South Wales	
hRSV/A/Australia/QLD-RBWH228/2021	2021-03-15	Infants	Australia	Queensland	
hRSV/A/Australia/VIC-RCH004/2020	2020-12-29	Preschool	Australia	Victoria	
hRSV/A/Australia/QLD-RBWH198/2021	2021-03-08	Infants	Australia	Queensland	
hRSV/A/Australia/VIC-RCH019/2021	2021-02-14	Preschool	Australia	Victoria	
hRSV/A/Australia/VIC-RCH098/2021	2021-04-13	Newborns	Australia	Victoria	
hRSV/A/Australia/VIC-MMC053/2020	2020-12-30		Australia	Victoria	
hRSV/A/Australia/VIC-RCH101/2021	2021-04-18	Infants	Australia	Victoria	
hRSV/A/Australia/QLD-RBWH282/2021	2021-04-04	Newborns	Australia	Queensland	
hRSV/A/Australia/VIC-RCH020/2022	2022-06-05	Infants	Australia	Victoria	
hRSV/A/Australia/QLD-RBWH383/2022	2022-06-26	Infants	Australia	Queensland	
hRSV/A/Australia/NT-RDH0274/2022	2022-08-25	Infants	Australia	Northern Territory	
hRSV/A/Australia/NT-RDH052/2022	2022-07-07	Infants	Australia	Northern Territory	
hRSV/A/Argentina/HNRG-403/2018	2018-05-04	Infants	Argentina	Buenos Aires	
hRSV/A/Argentina/BA-HNRG-416/2018	2018-06-29	Newborns	Argentina	Buenos Aires	
hRSV/A/Australia/NT-RDH0178/2023	2023-09-22	Infants	Australia	Northern Territory	
hRSV/A/Australia/NT-RDH0353/2023	2023-12-26	Infants	Australia	Northern Territory	
Yale-RSV-0252	2024-02-02	Geriatrics	USA	Connecticut	
hRSV/A/France/ARA-HCL023199621401/2023	2023-12-18	Preschool	France	Auvergne-Rhone-Alpes	
hRSV/A/France/ARA-HCL024024602101/2024	2024-02-11	Preschool	France	Auvergne-Rhone-Alpes	
hRSV/A/Canada/un-UMC-010103032/2020	2020-02-06		Canada		
hRSV/A/France/GES-RELAB-IPP26328/2023	2023-10-24	Children	France	Grand Est	
hRSV/A/Kenya/KEMRI-20163/2022	2022-02-15		Kenya	Kilifi	
hRSV/A/France/BRE-RELAB-IPP29650/2023	2023-11-20	Geriatrics	France	Bretagne	
hRSV/A/Croatia/HZJZ_6129/2023	2023-11-07	Preschool	Croatia	Sisak-Moslavina County	
hRSV/A/France/ARA-HCL024034462101/2024	2024-02-27	Preschool	France	Auvergne-Rhone-Alpes	
hRSV/A/France/BFC-RELAB-IPP29713/2023	2023-11-24	Geriatrics	France	Bourgogne-Franche-Comte	
hRSV/A/France/ARA-HCL023203127601/2023	2023-12-25	Children	France	Auvergne-Rhone-Alpes	
hRSV/A/France/BRE-RELAB-IPP29679/2023	2023-11-24	Infants	France	Bretagne	
hRSV/A/USA/WA-BBI-S23236/2019	2019-11-18		USA	Washington	
hRSV/A/USA/WA-BBI-S23371/2020	2020-03-13		USA	Washington	
hRSV/A/USA/WA-BBI-S23295/2019	2019-12-29		USA	Washington	
hRSV/A/Australia/2001479/2020	2020-10-21		Australia	Western Australia	
hRSV/A/Australia/3002650/2021	2021-01-01		Australia	Western Australia	
hRSV/A/Australia/3004/2021	2021-01-09		Australia	Western Australia	
hRSV/A/Australia/7494P/2020	2020-09-03		Australia	Western Australia	
hRSV/A/Australia/6545C/2020	2020-08-20		Australia	Western Australia	
hRSV/A/Australia/3471/2020	2020-10-20		Australia	Western Australia	
hRSV/A/Australia/un-UMC-610103044/2021	2021-01-11		Australia		
hRSV/A/Australia/un-UMC-610103020/2020	2020-11-29		Australia		
hRSV/A/Australia/un-UMC-610103043/2021	2021-01-09		Australia		
hRSV/A/Australia/1643/2021	2021-01-10		Australia	Western Australia	
hRSV/A/Australia/9005783/2020	2020-10-19		Australia	Western Australia	
hRSV/A/Australia/9005762/2020	2020-10-19		Australia	Western Australia	